,新聞,類別
0,（中央社日內瓦/杜拜8日綜合外電報導）伊朗今天揚言重新啟動關閉中的離心機，並將鈾濃縮純度提高到20%，作為脫離核子協議的下一步可能重大舉措。美國去年已退出這項協議。此一威脅是由伊朗核子機構發言人說出，遠甚於伊朗過去一週所採取的有限作法，即將裂變物質儲存量增加到略多於協議規定的上限。這可能會令人嚴重懷疑，旨在阻止伊朗製造核武的核子協議是否仍有效力。前述兩項威脅將推翻協議的重大成就，只是伊朗並未詳細透露，將恢復協議達成前的狀態到何種程度。當時西方專家認為，伊朗可能在數月之內即能建造出一枚核彈。（譯者：張佑之）1080709,國際
1,（中央社德黑蘭/布魯塞爾8日綜合外電報導）伊朗今天不顧歐洲聯盟強力勸阻，宣布已將提煉濃縮鈾純度提高到4.5%以上，遠超過2015年達成的伊朗核子協議所規定上限3.7%。歐盟將等待評估報告再決定下步行動。半官方的「伊朗學生通訊社」（ISNA）報導，伊朗原子能組織發言人卡馬萬迪（Behrouz Kamalvandi）表示：「伊朗濃縮鈾純度今天上午已突破4.5%。…這種純度完全滿足伊朗發電廠燃料所需。」暗示伊朗可能將暫時維持這樣的純度。伊朗昨天已表明，將在「數小時內」突破核子協議的濃縮鈾純度上限。歐盟今天稍早表示，對於伊朗計畫的行動感到「極度擔憂」，並呼籲伊朗懸崖勒馬。法新社報導，歐盟發言人柯契姜琪克（Maja Kocijancic）告訴記者：「我們強烈要求，伊朗停止和扭轉所有不符合『聯合全面行動方案』（JCPOA，即伊朗核子協議）承諾的活動。」按協議，伊朗同意讓自身核子活動受到嚴格限制，以換取減輕制裁懲罰。但自從美國總統川普去年5月單方面退出協議，並恢復對伊朗實施傷害重大的制裁，伊朗已在5月宣布有意降低遵守核協議程度。協議其餘簽約國家英國、法國、德國、俄羅斯和中國都表示，這份協議是讓伊朗停止發展核武的最佳方法。柯契姜琪克今天表示，歐盟將等待聯合國（UN）原子能當局提出的報告，再徵詢協議其他簽約國的意見，才會決定接下來行動。英、法、德為挽救伊朗核子協議，曾創設名為「支援貿易通匯工具」（INSTEX）的特殊機制，讓各方能避開美國制裁和伊朗繼續做生意。但機制已創立6個月卻還未開始運作，使得德黑蘭對於歐洲無法採取有效行動，挫折感日益強烈。一名歐盟消息人士透露，布魯塞爾官員認為，伊朗宣布要調高濃縮鈾純度，是想施壓西方加強協助。「伊朗目前國內情勢極度困難，已快要失去所有物資供給。他們想繼續保住協議，但也想要得到承諾會給他們的好處。」消息人士還說，伊朗已採取的違反協議行為，包括提高濃縮鈾純度和突破鈾儲量上限，都可以逆轉。但若伊朗將濃縮鈾純度提高到5%以上，情況恐怕會更嚴重。（譯者：張正芊/核稿：林治平）1080708,國際
2,（中央社柏林8日綜合外電報導）美國要求德國增加在敘利亞的兵力，以更有效打擊敘國境內的伊斯蘭國（IS）勢力。柏林當局今天表示，沒有派遣地面部隊前往敘利亞的計畫。德國政府發言人塞柏特（Steffen Seibert）表示：「當我說，政府計畫在現有反伊斯蘭國聯盟框架下持續現有措施時，這意味不會動用地面部隊。」美國的敘利亞特別代表傑福瑞（James Jeffrey）昨天在訪問柏林期間告訴世界報（Die Welt）等德國媒體，華府希望柏林當局能在敘利亞北部部署地面部隊。他還說，期待本月就收到德方回覆。德國國會授權政府參加敘利亞戰事，但只到今年10月31日有效，意味國會得開會決定下一步。傑福瑞指出，美國和德國正在商討共同軍事行動接下來的發展。德國背負第二次世界大戰的歷史包袱，軍事支出和海外軍事行動議題往往難以取得國內共識，公眾和各政治勢力多對可能的軍事擴張持保留態度。（譯稿：陳韻聿/核稿：林治平）1080708,國際
3,（中央社記者康世人新德里8日專電）聯合國人權事務高級專員公署辦公室今天發表最新報告批評印度安全部隊在克什米爾過度使用武力和採取酷刑，印度外交部提出抗議，並稱這份報告侵犯印度的主權與領土完整。聯合國人權事務高級專員公署辦公室（Office of the United Nations High Commissioner for Human Rights）去年首次針對克什米爾人權問題發出報告，批評印度和巴基斯坦在克什米爾占領區的侵犯人權行為後，今天再度發出後續報告，批評印、巴皆未採取任何具體措施，解決上次報告提出的諸多問題。聯合國人權事務高級專員公署辦公室今天發出的報告批評，印度占領的查摩和克什米爾省存在嚴重的侵犯人權行為和有罪不罰的現象，巴基斯坦占領的克什米爾地區也出現重大人權問題。報告批評，印度安全部隊在查摩與克什米爾省過度使用武力、實施酷刑、任意拘留持不同政見者及關閉網路，但印度政府對安全部隊人員的違法行為幾乎不追究責任，突顯印度長期對部隊不當行為「有罪不罰」。報告也引述民間社會組織批評巴基斯坦安全部隊在克什米爾地區發生一系列的「被失蹤」。這份報告呼籲印度，應尊重克什米爾人民受國際法保護的自決權利。莫迪政府允許安全部隊在查摩與克什米爾省實施酷刑及動用武力等高壓手段對付恐怖份子後，加上當地人失業情況嚴重，愈來愈多克什米爾年輕人支持爭取克什米爾獨立及合併巴基斯坦占領克什米爾地區的主張，軍民衝突升高，甚至引發民眾在街上向安全部隊丟擲石塊。不過，印度外交部稍晚發出聲明，譴責聯合國人權事務高級專員公署辦公室發出的上述報告是「讓恐怖主義合法化」，且稱報告中的主張是「在印度主權與領土完整中，忽視跨國恐怖主義的核心問題」，侵犯了印度主權與領土完整。聲明再次重申，整個查摩與克什米爾省是印度不可分割的一部分，巴基斯坦非法與強行占領印度這個省一部分的領土，也就是被稱為自由查摩與克什米爾（Azad Jammu and Kashmir）和吉爾吉特-巴爾蒂斯坦（Gilgit-Baltistan）等地區，印度一再呼籲巴基斯坦撤離這些地區。對克什米爾民眾持續遭人權侵害，聯合國人權事務高級專員公署辦公室去年的報告已向印度與巴基斯坦提出建議，要求調查2016年7月以來的所有平民遭殺害事件，及安全部隊過度使用武力等問題，但遭印度拒絕。相較於印度對聯合國機構上述報告採取敵視態度，聯合國人權事務高級專員公署辦公室表示，巴基斯坦再次對這份報告表示歡迎。印巴1947年分治後，克什米爾國王辛赫（Hari Singh）希望保持獨立，但卻遭巴基斯坦派兵占領，辛赫逃往印度求助，最後同意克什米爾併入印度，引發印巴為克什米爾主權歸屬問題長期爭執及發生戰爭，雙方今年2月更在克什米爾印巴控制線發生空戰。（編輯：施燕飛）1080708,國際
4,（中央社日內瓦8日綜合外電報導）美國設置邊界拘留營處理中美洲移民和難民，但日前有報告指出，營內人滿為患，且疾病肆虐。聯合國人權事務高級專員巴舍萊今天表示，她對這樣的狀況「深感震驚」。英國獨立報（The Independent）報導，巴舍萊（Michelle Bachelet）發布聲明說：「身為一位小兒科醫生，同時也是一位母親和前國家領導人，對於兒童被迫睡在擁擠的拘留營地板上，且沒有管道取得足夠的健康照顧和食物，還必須忍受糟糕的衛生條件，我深感震驚。」巴舍萊是前任智利總統。美國國土安全部（DHS）上週發布的一份監督報告中警告，多間拘留營人滿為患已達危險程度。這些拘留營關著數千名尋求留在美國的中美洲移民，大多是為逃離家園的暴力與貧困。回應這份報告，巴舍萊表示，即使在良好的狀況下，拘留孩童「一小段時間」，都會對他們的健康和身心發展造成嚴重影響。巴舍萊補充：「想像若縱容這些令人擔憂的情況持續發生，每天會造成多大傷害。」先前，美國總統川普（Donald Trump）表示毫不同情移民在拘留營的狀況。他在推特（Twitter）上寫道：「如果非法移民不滿意快速搭建或改裝而成的拘留營，就告訴他們不要來（美國）。如此所有問題就解決了！」巴舍萊呼籲各界展現同情心，強調拘留營內的人「是為尋求保護和尊嚴，並遠離暴力和飢餓，才帶著他們的孩子展開危險的旅程」。「當他們終於相信已抵達安全之地，卻可能發現自己與摯愛分離，而且身陷毫無尊嚴的處境。如此場景不該在任何地方發生。」巴舍萊指出，各國有權利決定外國人入境的情況，她並承認處理移民時可能面臨複雜的挑戰。她又說：「但很顯然，各國進行邊界控管措施時，必須遵守其人權義務，不應死抱著狹隘的政策，只把目標放在防堵、拘留和迅速遣返非法移民。」（譯者：李宛諭/核稿：林治平）1080708,國際
5,"（中央社華盛頓7日綜合外電報導）「華盛頓郵報」報導，新公布的文件顯示，美國執法部門如聯邦調查局與美國移民暨海關執法局，把州政府駕照照片資料庫做為臉部辨識的金礦，掃描了數百萬不知情民眾的照片。美國喬治城大學法學院研究人員透過申請公共紀錄方式，取得過去5年的數千項臉部辨識申請以及相關內部文件與電郵，並提供給華郵（The Washington Post），內容顯示美國聯邦調查人員大舉使用各州車輛管理局（DMV）的資料庫，使之成為史無前例監控基礎設施的磐石。長久以來，警方可以取得從罪犯採取的指紋、DNA與其他「生物資料」，不過車管局的紀錄包括各州大部分居民的照片，而且當中絕大多數民眾從未被控犯罪。不論是聯邦國會或是各州的立法部門，都未授權可發展這樣的系統，並且越來越多的民主黨與共和黨議員批評，這種技術是危險、無孔不入而且容易發生錯誤的監控工具。美國國會稽核處（Government Accountability Office, GAO）上月表示，儘管屢受質疑，聯邦探員仍把臉部辨識變成常態的調查工具。自2011年以來，包括各州車管局在內，聯邦調查局曾登入各州與聯邦部門的資料庫執行超過39萬次臉部辨識搜尋，紀錄並顯示聯邦探員與車管局官員建立了日常工作聯繫。美國國會稽核處的紀錄顯示，目前全美有21個州，包括德州與賓州加上華盛頓特區（Washington D.C），允許像是聯邦調查局等單位可掃描駕照照片。這些許可的協議為臉部辨識訂定了規範，包括每次的臉部辨識必須與調查刑事犯罪有關等。美國國會稽核處一位主管表示，聯邦調查局進行臉部辨識搜尋時可進入涵蓋地方、各州與聯邦機構的資料庫，共存有超過6億4100萬張臉部照片。不過聯邦調查局幾乎沒有提供關於何時使用臉部辨識搜尋、鎖定搜尋對象及錯誤率的資料。（譯者：曹宇帆/核稿：林治平）1080708",國際
6,（中央社雅典8日綜合外電報導）希臘新任右翼總理米佐塔基斯（Kyriakos Mitsotakis）今天宣誓就職，即將著手實現他終結希臘經濟危機的競選承諾。希臘目前是負債最多的歐洲聯盟成員國。51歲的米佐塔基斯今天由妻子和3位孩子陪伴，在總統府宣誓就職，儀式經電視轉播。他說：「努力就從今天開始。我非常有信心，我們有能力應付挑戰。」米佐塔基斯指出，內閣將在明天就職、後天開會。總統府內的儀式結束後，米佐塔基斯來到隔壁的總理辦公室兼官邸，與遭他擊敗的左翼前總理齊普拉斯（Alexis Tsipras）短暫會晤。米佐塔基斯畢業於哈佛大學（Harvard University）和史丹佛大學（Stanford University），專業包括企業管理和國際關係，曾任麥肯錫公司（McKinsey & Company）顧問。接任總理後，他首要任務為解決希臘沉重的財政問題。希臘的公共債務去年已累積達3350億歐元（約3760億美元），相當於國內生產毛額（GDP）的180%。為使希臘得以留在歐元區，前任總理齊普拉斯依據歐盟紓困計畫要求，推行財政緊縮。儘管希臘今年的公共債務總額可望降至相當於國內生產毛額168%的水準，但先決條件恐為政府和國民必須持續勒緊褲帶。米佐塔基斯領導的新民主黨（New Democracy）卻認為，財政緊縮限制經濟成長。米佐塔基斯新官上任面臨的棘手任務為一方面必須確保國際債權人願意支持希臘，另一方面則藉降低稅賦和重新協商財政目標減輕國內民眾負擔。由於任務艱鉅，他的政治蜜月期可能會很短暫。今天歐元區各國財政部長將召開會議，討論希臘經濟現況。齊普拉斯曾在5月提出減稅措施，為爭取選民支持作最後一搏。（譯者：陳韻聿/核稿：劉淑琴）1080708,國際
7,（中央社首爾8日綜合外電報導）北韓媒體報導，已故前南韓外交部長崔德新的72歲次子崔仁國近日投奔北韓。崔德新和妻子柳美英1986年定居北韓，是目前罕見「脫南者」中位階最高的官員。1953年南北韓簽署停戰協定後，由北韓逃往南韓的「脫北者」至少有3萬人，「脫南者」則十分罕見。已於1989年過世的崔德新曾在1960年代擔任南韓外交部長。1976年，他因對朴正熙的獨裁統治不滿，偕柳美英出走海外，隨後定居美國。1978年，崔德新訪問平壤，獲金日成接見，此後數度進出北韓，直到1986年移居當地。崔柳兩人的孩子都留在南韓，未隨父母出走。北韓國營宣傳網站「我們民族之間」（Uriminzokkiri）報導，崔仁國6日飛抵平壤。在網站7日公布、攝於機場的影片中，崔仁國宣稱來到平壤是為了「定居」。影片中可聽到崔仁國表示：「我找不到恰當的言語形容對接納我的人民共和國有多感激。」他還說，決定遷居北韓是為了實現雙親心願。南韓統一部今天表示，在報導登出之前，並不知道崔仁國已投北。統一部指出，基於尊重個人遷居自由，並不會刻意追蹤個人行動。法新社報導，過去曾有為數不多的南韓民眾迫於經濟困難投北，但平壤當局鑒於政治宣傳價值不高，大多將他們遣返。根據南韓統一部發言人李相旻所說，去年就有兩名南韓民眾遭平壤當局送回。英國廣播公司（BBC）援引北韓媒體報導，崔仁國將在北韓從事與統一議題有關的工作。根據現行法律，南韓民眾須經政府特別許可才能造訪北韓，因此一旦崔仁國再度踏上南韓土地，就有可能遭逮捕。（譯者：陳韻聿/核稿：林治平）1080708,國際
8,（中央社華盛頓7日綜合外電報導）美國司法部發言人庫佩今天說，司法部民事司新律師團隊將接手處理2020年人口普查相關案件。總統川普力促10年一度的人口普查納入受爭議的國籍問題，司法部可能因此作此調整。庫佩（Kerri Kupec）並未說明調整的原因，但司法部官員指出，這個新團隊成員由文官與政務官組成，其中包括在保障消費者部門任職的律師。儘管最高法院6月27日擋下川普首次想要在人口普查增列有關公民身分問題的行動，並歸咎行政部門陳述的理由不足，川普仍表示希望這個問題要納入，司法部因此一直設法要落實。川普表示，他正考慮頒布行政命令以達成目的。司法部5日告訴馬里蘭州聯邦地區法院法官海瑟（George Hazel），是否增列公民身分的問題司法部尚未拍板。人口普查的結果將影響聯邦眾議院席次分配，以及運用於包括公立學校、醫療補助、執法部門、公路修繕的聯邦經費分配，金額約8000億美元（約合新台幣24兆9450億元）。民權團體和部分州政府強烈反對將公民身分問題納入人口普查問卷，並聲稱這是共和黨操作的伎倆，以恫嚇移民不參與人口普查，如此將導致移民眾多且傾向支持民主黨地區的人口數被低估。（譯者：曹宇帆/核稿：林治平）1080707,國際
9,（中央社里昂7日綜合外電報導）法國總統馬克宏今天表示，足球賽事若有觀眾出現種族歧視或恐同辱罵等言論，就要停止賽事。他也表示，女足球員的收入應該追上男球員。馬克宏（Emmanuel Macron）說：「我們不能慣用在足球場為由，縱容恐同主義和種族歧視。沒有任何運動是奠基於仇恨言論。」馬克宏在世界盃女子足球賽冠軍戰於里昂開踢前，向法國電視台表示，恐同和種族歧視是一種仇恨文化。他進一步說：「我們在社會上對抗恐同主義和種族歧視。但在足球場裡，我們能夠接受（這些情緒）嗎？當然不行。」馬克宏還說，女球員和男球員的收入差距應該「逐漸縮小」。他說：「當你仔細觀察足球場內和收看電視直播的觀眾，你會經歷一場革命，你會得到和男足賽事接近的數字水準。」另外，馬克宏表示，女足球員的收入只有男足球員的10分之1。「反觀網球界，法國網球公開賽男女球員的獎金幾乎已不相上下。」（譯者：李宛諭/核稿：劉淑琴）1080708,國際
10,（中央社卡諾8日綜合外電報導）奈及利亞聯邦道路安全委員會官員今天表示，北部卡諾州（Kano）一條繁忙道路上發生公車和汽車追撞意外，造成19人死亡，7人受傷。奈及利亞聯邦道路安全委員會（Federal Road Safety Commission，FRSC）官員馬托（Zubairu Mato）表示，這起意外發生在7日，地點位於距卡諾市85公里處的迪亞爾馬迪佳村（Dinyar Madiga）。卡諾市是卡諾州首府。馬托說：「包括2輛公車和2輛汽車的4輛車追撞，造成總共19人死亡。」另有7人受傷。馬托說：「車輛行駛速度快，為了閃避坑洞而追撞。」奈及利亞道路保養維護不足，常釀成交通意外。駕駛粗心大意、超速和不遵守交通規則都是意外發生的原因。北部吉嘉瓦州（Jigawa）附近4月也發生交通意外。一輛超載的巴士途中爆胎打滑翻覆，車上19名參加婚禮的民眾喪命。（譯者：李宛諭/核稿：劉淑琴）1080708,國際
11,（中央社德黑蘭8日綜合外電報導）伊朗宣稱7日起濃縮鈾純度超出2015年與美國及歐洲強權所達成核協議中規範的上限，今天並警告歐洲國家別升高對伊朗的回應。伊朗外交部發言人墨沙維（Abbas Mousavi）表示，若簽署核協議的歐洲國家「採取某些怪異的行動，那麼我們將跳過（縮減承諾方案中）所有接下來的步驟，並執行最後一項」。不過他沒有具體說明打算採取的最後步驟。（譯者：曹宇帆/核稿：林治平）1080708,國際
12,（中央社記者陳妍君馬尼拉8日專電）人權團體「國際特赦組織」今天公布菲律賓掃毒戰調查報告。報告受訪者表示，警方對被視為涉毒分子的貧民毫無憐憫，「警方只是殺戮」、「如果你很窮，你就死定了」。國際特赦組織（Amnesty International）調查報告標題為「他們只是殺戮」（THEY JUST KILL）。國際特赦組織這份報告訪問58人，包括「法外處決」目擊者、受害者家屬和地方官員。國際特赦組織調查的20起案例中，18起發生在警方執法行動中，另外2起受害者遭不知名武裝分子殺害，20起案例共造成27人死亡。記者會背板上，用黑底白字印出受訪者的話：「菲律賓現今局面已不再安全。即使無辜的人也可能死亡或輕易被用沙霧（Shabu，類安非他命毒品）栽贓。人們沒辦法安心…（深夜出門）如果警察質問你，他們會搜索你的口袋，沙霧已經在裡面了，他們會把它放進你口袋裡。他們會殺了你。」國際特赦組織菲律賓分部主任歐拉諾（Butch Olano）說，外界無從得知因掃毒戰遭殺害的確切人數，但根據菲律賓國家警察總署（PNP）的資料，2016年7月到今年5月底，至少6600名涉毒嫌犯被殺，平均每天至少6人被殺。國際特赦組織調查顯示，掃毒戰受害者幾乎都生活在貧困和邊緣化社區。報告引述一名婦女的說法，她的丈夫去年底被警方殺害，丈夫生前必須超時工作以支撐家裡開銷，她不懂為什麼丈夫被指控為大毒販，「只有窮人，他們（警察）只想殺害窮人」。國際特赦組織指出，除了痛失家庭經濟支柱，還有東拼西湊而來的葬禮支出，往往讓貧困家庭更陷入窮困泥沼。菲國警方6月底進行一場掃毒行動時，流彈傷及嫌犯3歲的女兒，女童不幸身亡。對此，前警察總長、參議員德拉羅沙（Bato dela Rosa）回應說：「鳥事難免會發生（Shit happens）」，引發外界譁然。歐拉諾表示，德拉羅沙說法意謂著：「如果你很窮，鳥事會發生在你身上。」菲律賓警方掃毒執法已形成一種殺戮風潮，民調機構「社會氣象站」（Social Weather Stations）調查顯示，約5100萬菲律賓人害怕自己成為掃毒戰受害者。歐拉諾要求總統杜特蒂（Rodrigo Duterte）立即停止警方主導的掃毒戰，改以重視民眾健康和權益的毒品管制措施取代。他也呼籲聯合國人權理事會（U.N. Human Rights Council）通過決議，對掃毒戰中侵犯人權行為展開獨立、公正和有效的調查，並期盼聯合國獨立人權專家持續監控菲律賓法外處決和違反國際法情形。（編輯：周永捷）1080708,國際
13,（中央社記者姜遠珍首爾8日專電）南韓總統文在寅今天在青瓦台表示，一旦日本的貿易限制措施致使南韓企業蒙受實際損失，南韓政府將不得不採取必要的應對措施，這是南韓不願意看到的結果。韓國聯合新聞通訊社指出，文在寅說，日本的限制措施讓南韓企業的生產蒙上陰影，使全球供應鏈受到威脅，他敦促日本撤銷限制出口關鍵半導體材料措施，拿出誠意與南韓磋商。報導指出，文在寅表示，韓日陷入以牙還牙惡性循環的局面是絕不可取的。這是文在寅首次直接回應日本限制對南韓出口關鍵半導體材料，體現他對當前嚴峻形勢的高度重視。日本與南韓因為二戰時期徵用工（遭日本企業強徵的韓國勞工）爭議而使關係惡化，日本政府4日起加強管制含氟聚醯亞胺、光阻劑及蝕刻氣體3項關鍵電子材料出口韓國，一般認為是對南韓的反制。日韓貿易戰一觸即發。報導指出，文在寅警告日本針對司法事務意氣用事的經濟報復演變為韓日零和博弈的風險，並指出若企業受損政府不能坐視不理。報導稱，文在寅表示，不僅南韓，全世界都在擔心官方出於政治目的限制民間企業互惠貿易。日本是實力大幅領先南韓的經濟強國，在此非常時刻，政府和財經界密切溝通協調一致尤為重要。文在寅指示幕僚團隊根據事態發展研討組建官民聯合應急機制，要求青瓦台和相關部會直接聽取受害企業訴求，討論如何解決困難，不遺餘力給予必要的幫助。文在寅表示，希望日方反躬自問有沒有信守自由貿易原則和國際社會透過貿易實現共同繁榮的信念。南韓政府將冷靜爭取外交管道解決，同時力爭將企業短期損失減至最少。報導指出，文在寅承諾將扶持零組件、材料、設備產業列為最優先施政課題，投入預算、稅制等一切政策資源力挺企業，希望企業也擴大技術研發和投資力，與零組件材料廠商相輔相成，合力擺脫對外依賴。文在寅指出，國際信評機構穆迪（Moody）今天維持對南韓的主權信用評級Aa2不變，不僅高出中國和日本兩個級別，而且信用展望穩定，部分人士過度渲染危機動搖市場信心的做法對國民經濟有害無益。（編輯：施燕飛）1080708,國際
14,（中央社紐約7日綜合外電報導）美國女子足球隊今天在世界盃擊敗荷蘭隊，抱回冠軍。美國總統川普除了讚揚她們的表現，並表示會考慮邀請球隊到白宮。川普前幾天才與女足隊長拉皮諾唇槍舌戰。川普（Donald Trump）在推特發文：「恭喜美國隊榮獲世界盃女子足球賽冠軍！這是一場精彩又刺激的球賽，美國以你們為榮！」川普與本屆世足賽最佳球員拉皮諾（Megan Rapinoe）先前在網上爆發爭執，公開出櫃的拉皮諾和川普槓上，在法國女足世界盃期間，她不滿川普對同志不友善而拒唱美國國歌。川普在推特上回擊，發文表示：「國家為梅根（拉皮諾）和球隊做了這麼多，她完全不該對國家、對白宮、對國旗不敬。美國隊表現棒極了！」在拉皮諾的帶領下，美國今天在冠軍戰以2比0擊敗荷蘭，達成2連霸壯舉。她上個月曾公開聲明，就算球隊受邀到白宮，她也不會出席。川普馬上在推特上猛烈反擊：「梅根在發言前應先贏球。完成使命！」川普並承諾，表示無論輸贏都會邀請球隊來白宮。然而，媒體今天詢問川普是否會邀請球隊到白宮，他回應：「我們還沒認真思考過這件事，會開始考慮。」（實習編譯：張廖永臻/核稿：徐崇哲）1080708,國際
15,（中央社倫敦8日綜合外電報導）英國駐美大使達洛許在日前遭外洩的機密電文中稱美國總統川普所領導政府「失能」且「笨拙」。英國國際貿易大臣佛克斯今天表示，此事恐傷害兩國關係，將向川普女兒伊凡卡致歉。佛克斯（Liam Fox）目前正在華府訪問，預定會見伊凡卡．川普（Ivanka Trump）。「我將為我們的公職或政治人物言行不符我方或美方期待這個事實道歉；言行失當在這個具體案例中特別重大且令人無法接受。」佛克斯告訴英國廣播公司電台（BBC Radio）：「這類資訊惡意外洩行為不專業、不道德，也不愛國，且確實足以對雙邊關係造成傷害，並進而影響更廣泛的安全利益。」與此同時，佛克斯認為，達洛許（Kim Darroch）並未做錯任何事，也備受尊崇。佛克斯強調：「這不是大使的問題，而是那位外洩資訊人士的道德問題。」英國「週日郵報」（Mail on Sunday）6日刊登外洩的達洛許回傳英國機密電文，其中對川普和他領導的政府多所批判，引起一陣外交風波。（譯者：陳韻聿/核稿：陳政一）1080708,國際
16,（中央社記者繆宗翰北京8日電）瑞典法庭日前決定釋放中國紅色通緝名單上的逃犯喬建軍。他的律師說，香港「反送中」示威對瑞典決定產生影響。中國外交部今天否認此事與香港遊行有關，並呼籲瑞典盡速引渡。美國之音中文網日前報導，喬建軍在中國百人紅色通緝名單中排名第3。一年前，瑞典當局逮捕了這名重大逃犯後，北京一直要求瑞典能引渡他回國。不過，瑞典高院近日初步決定「不引渡喬建軍」回中國。喬建軍的律師奧爾森里利亞（Henrik Olsson Lilja）受訪時表示，香港發生的大規模反「逃犯條例」大遊行和示威活動，對瑞典方面的相關決定產生了影響。這是一個非常強烈的訊號，表明瑞典不會按照中方的要求引渡喬建軍。中國外交部發言人耿爽今天下午在例行記者會回答相關提問時卻說：「我看不出喬建軍案與香港發生的遊行有什關係」。他表示，喬建軍是國際刑警組織發布紅色通緝令的職務犯罪嫌犯，美國、瑞典多個國家都對他進行刑事調查、起訴，或凍結、沒收資產。耿爽說，中國與瑞典正就引渡喬建軍進行合作，希望瑞典政府與最高法院可以正視喬建軍犯罪事實，盡快將他引渡回中國接受法律制裁，「不做犯罪份子避罪天堂」。另外，國際信評機構穆迪（Moody）日前對香港主權評級發表最新展望時指出，中共對香港「50年不變」承諾的過渡期將於2047年結束。香港可能失去政治、經濟獨立性，以及相對於中國大陸城市競爭優勢，或導致香港極強的體制實力受到削弱，與中國大陸的評級差距縮小。對此，耿爽重申，中國嚴格按照「憲法」與「基本法」辦事，貫徹落實「一國兩制、港人自治、高度自治」方針；並稱香港將進一步融入國家發展大局，獲得成長新動力的「難得機遇」，國際對港合作積極性進一步增強，「我們對香港未來充滿信心」。（編輯：邱國強）1080708,國際
17,（中央社華盛頓7日綜合外電報導）利比亞首都的黎波里附近的戰火，讓石油輸出國家組織（OPEC）成員的利比亞中斷產油風險仍高。強人格達費2011年倒台並遇害後，利比亞就陷於動盪，亟待政治解方終結8年衝突。利比亞面積略大於阿拉斯加，境內沙漠面積就相當於整個阿拉斯加，石油蘊藏量全球第10。強人格達費（Muammar Qaddafi）1969年發動政變推翻王室，實施長年獨裁統治。人口640萬的利比亞靠產油致富，一度從全球最貧困國家之一轉為非洲最富裕國家之一，累積超過1000億美元外匯存底，國內的教育免費，食物、燃料、購屋與健保全都有補貼。利比亞後來成為阿拉伯之春（Arab Spring）革命的沃土，2011年2月引發暴亂導致北約空襲格達費的軍隊。2011年的動亂雖終結格達費長達42年的統治，格達費被俘遇害，但利比亞並未復甦並吸引外來投資，淪為敵對民兵激戰進而演變與後續政府交戰，動盪重創石油出口，並加劇湧向歐洲的難民危機。控制利比亞東部與南部的軍閥哈夫塔（Khalifa Haftar），藉控制石油出口港，施壓由聯合國支持、國際社會所承認的利比亞總理沙拉吉（Fayez al-Sarraj）政府。哈夫塔的軍隊獲俄羅斯、埃及、阿拉伯聯合大公國支持，4月初意外朝的黎波里發動進攻。3個月來戰火造成近千人死亡，包括在一座移民拘留中心的數十人，聯合國安全理事會日前呼籲停火。哈夫塔能否拿下的黎波里，目前還很難說。哈夫塔的軍隊雖較對手更有組織，但他能輕易拿下利比亞南部仍多靠談判而非作戰，而反抗哈夫塔的部隊在的黎波里紮根甚深，民兵戰力也比南部強，要奪下的黎波里恐爆發2011年內戰以來最血腥戰事。若哈夫塔贏得戰事，很可能一統利比亞。他不僅控制全國最強的部隊，還有每天100萬桶的產油量。哈夫塔若能拿下的黎波里西方約50公里的石油精煉與出口重鎮札維耶（Zawiya），就能控制整個利比亞的產油。美國知情官員透露，總統川普今年4月與哈夫塔通電話時，就示意美國支持哈夫塔進攻的黎波里、推翻目前聯合國所支持的政府；外交官員更透露，白宮國家安全顧問波頓（John Bolton）更早之前的來電，更讓哈夫塔覺得美國開綠燈，要他揮師的黎波里。這些已遠超過白宮對川普4月15日與哈夫塔通話後所發聲明的程度；當時聲明僅能看出川普技術性地承認哈夫塔為利比亞領袖，來削弱的黎波里的沙拉吉政府。（譯者：陳亦偉/核稿：劉淑琴）1080708,國際
18,（中央社記者唐佩君布魯塞爾8日專電）美國總統川普與北韓領導人金正恩6月30日「川金會」宣布將重啟磋商後，美國北韓政策特別代表畢根今天展開訪歐行程，顯示雙邊正推進談判工作。川普與金正恩6月30日在南北韓邊境板門店南韓轄區「自由之家」會晤，並宣布2至3週內重啟與北韓磋商，雖然沒有簽署正式公報，但會後雙方都說會繼續工作會談，以重啟停滯的核子談判。美國國務院7月6日發布新聞稿，指出畢根（Stephen Biegun)將在7月8、9日訪問比利時布魯塞爾，另在7月10、11日訪問德國柏林，訪歐期間將會見南韓外交部和平交涉本部長李度勳（Lee Do-hoon）。位於比利時布魯塞爾的美國大使館上午發布訊息，表示畢根今天在布魯塞爾努力推動實現北韓最終、充分驗證的全面無核化。但美方並沒有說明畢根是否已與李度勳或其它歐盟官員會面。在「川金會」後的一週，畢根展開訪歐行頗受關注，顯示正推動雙邊談判及相關各方溝通。過往曾傳出由於金正恩曾在瑞士留學，對當地情況較為熟悉，白宮方面曾提議在瑞士舉行第二次「川金會」；此外瑞典、瑞士等中立國家也被列為潛在候選地點，但考慮金正恩專機續航力，過去雙方優先在亞洲國家會面，歐洲正密切觀察這次畢根是否會在訪歐期間挑出幾個未來可能的「川金會」候選國。（編輯：施燕飛）1080708,國際
19,（中央社倫敦8日綜合外電報導）1名男子今天清晨攀爬英國倫敦夏德摩天大樓（The Shard）的玻璃外牆，並未遭到逮捕。夏德摩天大樓高310公尺，是西歐最高的摩天大樓。英國警方表示，他們在凌晨5時15分接獲通報，稱1名男子正在攀爬夏德摩天大樓。「衛報」（Guardian）報導，他事後曾與警方談話，但並未遭到逮捕。夏德摩天大樓鄰近倫敦橋（London Bridge），有1間零售商場、1間飯店和許多辦公室、餐廳進駐在此。（譯者：李宛諭/核稿：林治平）1080708,國際
20,（中央社馬尼拉8日綜合外電報導）國際特赦組織（Amnesty International）今天指控，菲律賓總統杜特蒂（Rodrigo Duterte）的掃毒戰役已變成有系統地武力濫用，敦促聯合國應就數千人被殺展開調查。掃毒戰是杜特蒂的指標性倡議，並廣獲菲律賓人民支持，然而菲國警察為掃毒暗夜殺人，卻激起國際譴責。國際特赦組織在2016年掃毒戰爭進行以來的第2份報告裡指出，被列為掃毒目標者大多來自「毒品觀察名單」，這些多為窮人。總部設於倫敦的國際特赦組織指出，多數的名單是由承受警方極大壓力的地方官員所提供；報告指出「更糟的是，榜上有名者似為無限期列名，即便已接受相關治療或不再施用毒品，也無法除名」。國際特赦組織表示目前無法計算已有多少人在掃毒戰中被殺，指控馬尼拉當局蓄意隱瞞與誤導，讓受害者家屬感到絕望。菲國政府的官方數字為5300多名嫌疑人遭警方殺害，但監督團體認為，實際數量是官方說法的4倍。國際特赦組織東亞分部主任林偉（Nicholas Bequelin）表示：「評估目前情況時，最重要的是我們相信這本質上已是有系統的暴力。」（實習編譯：賴言曦/核稿：陳亦偉）1080708,國際
21,（中央社尼阿美7日綜合外電報導）非洲國家今天在尼日進行的非洲聯盟（AU）峰會，正式推出具里程碑意義的自由貿易區，這個自由貿易區備受期待，被譽為向整個非洲大陸「和平繁榮」的目標邁出歷史性的一步。歷經17年艱難的協商，非洲聯盟終於達成這項自由貿易協定，如今展開非洲大陸自由貿易區（AfCFTA）的「運作階段」，非洲聯盟委員會主席馬哈馬特（Moussa Faki Mahamat）形容這是「歷史性」的一刻。馬哈馬特說：「多年的夢想實現了，發起的先賢必定很驕傲。」他指出，非洲大陸自由貿易區將是「世上最大的貿易區」。尼日（Niger）總統依蘇福（Mahamadou Issoufou）讚揚說，這是「1963年成立非洲統一組織（Organization of African Unity）以來最偉大的歷史事件」。非洲統一組織是非洲聯盟前身。非洲聯盟官員宣布，展開非洲大陸自由貿易區的5項「運作工作」。非洲聯盟委員會宣布，非洲聯盟會員國同意分享「原產地原則」，監督和消除非關稅壁壘，統一線上支付系統和非洲貿易看板。為期兩天的峰會今天早上在尼日首都尼阿美（Niamey）展開時，奈及利亞和貝南（Benin）兩國總統在熱烈掌聲中簽署這項自由貿易協定，給了落實協定一大助力。奈及利亞和貝南加入後，非洲聯盟55個會員國中有54國已經簽署協定，唯一未簽的厄利垂亞也宣布將考慮加入。大約4500名代表和嘉賓，包括32位國家元首和超過100位部長，參加了在尼阿美的非洲聯盟峰會。這個城市特別改造，有全新的機場、升級的道路，和為此打造的新飯店。（譯者：李晉緯/核稿：林治平）1080708,國際
22,（中央社記者繆宗翰北京8日電）外媒報導，許多新疆維族人被送往「再教育營」後，當局擴建寄宿學校，集中管理他們的孩子。中國外交部今天再度否認再教育營說法，並指「培訓學員」週末可以回家照料子女。英國廣播公司（BBC）5日報導，中國將大批維吾爾族成人送進「再教育營」改造的同時，也大規模擴建寄宿學校。一些人在土耳其的維族父母，難過地拿著子女相片，擔心他們已被送進了孤兒院。中國外交部發言人耿爽今天下午在例行記者會，首先對提出相關問題的港媒記者說「你應該經常來外交部記者會，所以你怎麼還在說新疆再教育營呢？我要糾正你一下，在新疆不存在『再教育營』」。他接著宣稱，中國在新疆設立的是「職業技能教育培訓中心」，「這是中國新疆採取的預防性反恐與去極端化措施」。耿爽還說，新疆教培中心學員在「學習」期間，子女由其他家庭成員照顧，「學員本人週末可以回家照顧子女，平時有事可以請假，並不存在父母與子女長期離散問題」。根據BBC報導，新疆有一處城鎮就有400多名兒童的雙親不是被送往再教育營，就是鋃鐺入獄。當局展開官方評估，判斷這些孩童是否需要「集中照顧」。報導指出，新疆幼兒園入學兒童總數從2017年開始，在短短一年內增加50多萬，維吾爾族及其他穆斯林少數族群兒童就占成長人數的9成以上。新疆學齡前入學率從低於全國平均值，躍升成目前全中國第一。（編輯：邱國強）1080708,國際
23,（中央社日內瓦8日綜合外電報導）伊朗國防部長哈塔米（Amir Hatami）今天表示，英國上週扣押伊朗油輪，是無可容忍的威脅舉動。不過伊朗陸軍司令墨沙維將軍今天則透過半官方梅爾通訊社（Mehr）表示，伊朗不打算和任何國家開戰。英國皇家海軍陸戰隊4日懷疑伊朗油輪Grace 1企圖違反歐洲聯盟（EU）制裁運送原油至敘利亞，因此在英屬直布羅陀扣押這艘油輪。伊朗否認Grace 1準備前往敘利亞。英屬直布羅陀當局表示，最長可扣押Grace 14天。伊朗革命衛隊（Revolutionary Guards）指揮官揚言扣押英國船隻以牙還牙。哈塔米今天在國家電視台現場播出的演說中表示：「這些日子我們目擊到英國政府在直布羅陀海峽對伊朗的威脅舉動，這是不正確、錯誤的行為，相當於海上搶劫...這種搶劫行為當然無法被容忍。」哈塔米也提及，伊朗上月擊落美國無人機，是要傳達伊朗會捍衛邊界的訊息。但華府表示，無人機是在國際海域遭擊落。（譯者：鄭詩韻/核稿：陳政一）1080708,國際
24,（中央社日內瓦8日綜合外電報導）伊朗國防部長哈塔米（Amir Hatami）今天在國營電視台發表直播演講指出，英國上週扣押一艘伊朗油輪是帶有威脅意味的錯誤舉動。路透社報導，英國皇家陸戰隊因懷疑這艘油輪企圖違反歐盟制裁，運送原油至敘利亞，4日將其扣押。這項突來的干預舉動引發德黑蘭當局憤怒，可能致使伊朗與西方國家對立情勢升溫。英國海外領地直布羅陀政府5日表示，已獲當地最高法院裁定得扣押油輪14天。伊朗革命衛隊（Revolutionary Guards）一名指揮官也在同天揚言，將扣押一艘英國船隻作為報復。另外，哈塔米也說，伊朗上月擊落美方一架無人機所傳遞的訊息就是，伊朗會防衛邊境。華府方面則宣稱無人機是在國際領空被擊落。（譯者：王品軒/核稿：林治平）1080708,國際
25,（中央社東京8日綜合外電報導）日本共同社報導，日本歷史研究者松野誠找到一份據稱是舊日本陸軍毒氣部隊的作戰詳細報告，記載了曾在中日戰爭時使用毒氣彈的化學武器，是首度發現軍方報告記載日軍使用化武。報導中說，日本發現一份記載中日戰爭期間的作戰詳細報告。1939年，舊日本陸軍毒氣戰部隊曾在中國北方作戰時，使用裝有讓皮膚及粘膜潰爛的「糜爛劑」，及強烈刺激呼吸器官的「噴嚏劑」毒氣彈。歷史研究者松野誠也找到相當於部隊正式報告的「戰鬥詳報」。松野表示，這是首次發現毒氣戰部隊自身詳細記錄使用情況的報告。由於舊日本軍在二次大戰戰敗時，有組織地廢棄了紀錄類的文件，以致無法弄清使用毒氣的全貌；而這次的戰鬥詳報記錄了目前還不十分清楚的早期糜爛劑使用情況等。松野說，對日中戰爭期間戰場實際情況，已弄清楚的部分只是冰山一角，「有必要弄清事實，從中汲取教訓，不再重演悲慘歷史」。這份戰鬥詳報是當時在中國北方作戰的北支那方面軍附屬毒氣戰部隊「迫擊第5大隊」所記錄的文件，約100頁的內容中，記載了戰鬥情況、砲彈使用情況及毒氣彈使用命令的副本等。報告指出，大隊接到上級部隊命令，決定使用裝有糜爛劑的砲彈「黃彈」，及加入噴嚏劑的「紅彈」的戰鬥方針。在1939年7月6日的戰鬥中，日方向用機槍迎戰日軍步兵的中國軍陣地，發射了31枚紅彈；7月17日為支援步兵，使用了60枚紅彈及28枚黃彈；7月18日，又使用了140枚紅彈及20黃彈進行砲擊。報告分析毒氣彈威力指出，對在山岳地區構築堅固陣地的敵人，「使用紅彈進行攻擊不可或缺」；針對首次使用的黃彈，報告給予「效果非常大」的評價。松野表示，這是在目前已確認的資料中，「地面部隊在中國使用黃彈的首件案例」。舊日本陸軍為避免留下戰爭犯罪證據而廢棄紀錄類文件，這次發現的資料可能是由部隊相關人士私人保管「倖免於難」。松野是日本現代史研究者，2010年在明治大學獲得史學博士學位，並出版多本關於日軍生化武器等書、資料集和論文。他把戰鬥詳報的詳細內容與分析彙整成論文，將刊登在日本月刊雜誌「世界」8月號。（譯者：黃名璽/核稿：陳政一）1080708,國際
26,（中央社德黑蘭8日綜合外電報導）美國地質調查所（USGS）通報，伊朗阿瓦茲市（Ahvaz）東方84公里處今天發生規模5.6地震。路透社報導，截至目前尚未傳出任何損害或傷亡。（譯者：張正芊/核稿：陳政一）1080708,國際
27,（中央社羅馬7日綜合外電報導）國際救援組織救難船遭義大利拒絕靠岸，馬爾他總理慕斯凱特今天表示，馬爾他將安置救難船亞藍庫迪號（Aylan Kurdi）船上的65名移民到歐盟其他國家。慕斯凱特（Joseph Muscat）推文說，在與歐盟執委會和德國政府討論之後，這65人將由亞藍庫迪號移至馬爾他軍方的「資產」，之後再進入馬爾他一處港口。他補充說，船上所有獲救人員將立即安置到其他歐盟國家。亞藍庫迪號最近幾天在義大利拉姆培杜薩島（Lampedusa Island）外海等候，之後又被禁止進入馬爾他水域，這是一週之內第3艘躍上頭條新聞版面的救難船。由於國際對移民危機的回應，讓緊張情勢升高，義大利極右派副總理兼內政部長薩爾維尼（Matteo Salvini）試圖禁止移民船進入義大利港口。今天稍早，有數十名船難獲救的移民，在船隻停泊義大利拉姆培杜薩島時，登上了岸。救援組織「地中海」（ Mediterranea）的義大利籍救難船「艾力克斯號」（Alex）昨天抵達港口，約41名移民最終獲准離船上岸。義大利艾吉新聞社（Agi）報導，船長史特拉（Tommaso Stella）因涉嫌協助非法入境，目前正在接受調查。薩爾維尼上月頒布命令，針對未獲准而進入義大利水域的船隻，將懲處船長、船東以及船隻業者，最高可處罰鍰5萬歐元（5.7萬美元）。法新社報導，「艾力克斯號」抵達義大利港時，薩爾維尼還表示，他將提高罰鍰至最高100萬歐元。救援組織「地中海」（Mediterranea）昨天推文表示，船已經駛向「唯一可能安全上岸的港口」，並說船上衛生情況已無法忍受。（譯者：紀錦玲/核稿：劉淑琴）1080708,國際
28,（中央社東京8日綜合外電報導）日本政府內閣官房副長官西村康稔今天談到對南韓祭出口管制措施時說，「過去曾發生不適當案例是事實，但無法回答具體內容」；他也提到日韓雙方至少3年無法相互理解。日媒日前報導，日本首相安倍晉三政府對南韓政府的強硬姿態愈來愈鮮明。日韓關係因前徵用工（遭日本企業強徵的南韓勞工）爭議受損，日本4日正式啟動加強管制半導體原料出口南韓措施，安倍晉三也加重對南韓政府的批評語調。日本產經新聞報導，西村康稔在上午記者會談到關於強化管制半導體原料出口南韓時說，「背景是雙方至少3年以上無法充分相互理解及交換意見」。報導指出，這意味在南韓總統文在寅2017年5月上任以前，日韓雙方政府就已經無法相互理解。至於祭出口管制措施的理由，西村說，「過去曾發生不適當案例是事實」。儘管執政黨內有人認為南韓曾把進口產品暗中賣給北韓，西村說，「無法回答具體內容」。（譯者：黃名璽/核稿：陳政一）1080708,國際
29,（中央社卡拉卡斯7日綜合外電報導）委內瑞拉反對派議員今天表示，正值委國燃料嚴重短缺、石油產業遭受危機重創之際，委國最大煉油廠區昨天發生大停電。國民議會（National Assembly）議員史特凡內里（Luis Stefanelli）告訴法新社說，阿姆瓦依（Amuay）和卡東（Cardon）兩座煉油廠昨晚「大停電」。他說，兩座煉油廠都已關閉，不准進入；目前由國家衛隊（National Guard）和委內瑞拉國家情報局（SEBIN）人員接管。史特凡內里補充說，煉油廠工人已被拘禁。儘管委內瑞拉擁有全球最大原油蘊藏量，但燃料短缺卻愈來愈嚴重。石油產業因貪腐、管理不善，最近更因美國制裁而受重創。委內瑞拉停電是家常便飯，自3月以來更是停電頻繁，在內陸地區情況尤為嚴重；另外，加油站也常見大排長龍。委內瑞拉國營石油公司（PDVSA）尚未對此置評。而史特凡內里表示，煉油廠區所在位置帕拉瓜納（Paraguana）半島大部分地區都無電可用。史特凡內里表示，帕拉瓜納半島煉油廠在高峰時期，每天提煉95萬桶原油，生產28萬桶汽油，但目前汽油生產已降至每天8萬桶左右。（譯者：紀錦玲/核稿：陳昱婷）1080708,國際
30,（中央社坎培拉8日綜合外電報導）律師表示，澳洲華裔作家楊恆均被中國當局扣留6個月後，其妻試圖離境遭拒。美聯社報導，楊恆均1月偕妻子袁小靚和14歲的繼女抵達中國後，被拘留至今。一家人委任的澳洲籍律師史塔瑞（Rob Stary）今天表示，袁小靚4日想從北京的機場飛回澳洲，但被攔下。史塔瑞表示，6個月來，澳洲未能說服中國讓袁小靚離境，是澳洲政府沒盡到責任。澳洲外交部長潘恩（Marise Payne）今天針對楊恆均的案子發出聲明，但未評論袁小靚出境遭拒一事。（譯者：鄭詩韻/核稿：陳政一）1080708,國際
31,（中央社記者蘇麗娜8日吉隆坡專電）馬來西亞副首相旺阿芝莎自去年5月馬國迎來首次政權輪替後，今天起首次到中國進行為期4天的訪問，期間將參觀華為研究中心，與華為領導高層開會。在美國要求全球杯葛華為5G之際，馬哈地（Mahathir Mohamad）今年4月底訪問中國的首站就選擇參觀華為，並獲得其創辦人任正非親自迎接。馬哈地隨後在5月出席東京舉辦「亞洲未來」（Future of Asia）論壇中說，華為產品雖有安全憂慮，但馬國不會因此不採用，因為馬國坦蕩蕩，沒什麼好窺探，加上華為研究遠大於馬來西亞整體的研究能力，應善用相關科技。對此，旺阿芝莎（Wan Azizah Wan Ismail）在參觀華為研究中心期間，將與華為領導高層商討可讓馬來西亞及華為雙贏合作，以獲取華為最新科技解說與信息。旺阿芝莎也是馬國政壇要角安華（Anwar Ibrahim）的夫人，馬哈地曾承諾一旦卸下首相一職後，將由安華接棒。馬新社引述馬國駐中國大使館臨時代辦諾麗雅蒂的說法指出，同時擔任馬國婦女、家庭及社會發展部長的旺阿芝莎這次行程緊湊，期間將與中國國家副主席王岐山、國務院婦女兒童工作委員會主任孫春蘭、中共中央對外聯絡部部長宋濤進行雙邊會議。旺阿芝莎預料將與王岐山商討的議題包括促進雙邊關係、馬中建交45週年和在一帶一路倡議下的合作。此外，兩人也會就馬哈地去年8月和今年4月訪中時所作的決策討論接下來的進展，有關教育、農產品、農業、婦女發展及旅遊與文化領域的雙邊合作也會是討論範圍。馬來西亞有6成人口是穆斯林，民事法庭與回教法庭並存，實施伊斯蘭教法。旺阿芝莎訪中期間，也將參觀在元朝時期興建及擁有600多年歷史的東四清真寺，同時也會見中國穆斯林。旺阿芝莎在第3天訪問行程將參觀中國災難管理中心，獲取中國應對災難時採用的良好作業的最新科技。旺阿芝莎也會與留中的馬國商人共進午餐，商討馬國公司在中國的投資計畫及最新狀況。為招攬更多外資到馬國，旺阿芝莎也將與北京著名企業家及投資者進行圓桌會議，並將向超過30間中國企業講解馬國政府最新的投資政策及獎勵，讓馬國成為區域主要投資目的地。旺阿芝莎訪中最後一天的行程將參觀中國聽力語言康復研究中心，並在返馬國之前與馬國媒體進行新聞發布會。這次隨行訪中的馬國官員代表包括森美蘭（Negeri Sembilan）州務大臣阿米努丁（Aminuddin bin Harun）、教育部長馬智禮（Maszlee Malik）、外交部副部長瑪祖基（Marzuki Yahya）及農業與農基工業部副部長沈志勤。（編輯：陳永昌）1080708,國際
32,（中央社雅典7日綜合外電報導）希臘準總理米佐塔基斯一心改革，但來自保守政治世家的他卻總擺脫不了「政二代」這個包袱，也撕不去曾因負責裁撤公務員，而被貼上的「劊子手」標籤。接掌新民主黨（New Democracy Party）3年後，現在，這位現年51歲的哈佛畢業生、前麥肯錫公司（McKinsey）的顧問允諾「殲滅」一切商業障礙，要讓大家「從履歷來評斷我，而不是用名字評判我」。「大家要把希臘的舵，交給強有力的手來掌。」他競選時這麼說。今天，在領導新民主黨壓倒性贏得大選的這一晚，他則說，希臘會「昂然」邁入「工作、安全和成長」的後紓困時代，「痛苦的循環已然結束」，希臘會「再次揚眉吐氣」。選上總理前，米佐塔基斯（Kyriakos Mitsotakis）唯一的部長經驗是在2014年負責行政改革。當時希臘飽受債權人壓力，而他被賦予的，則是裁減1萬5000名公務員這個重責大任。雖然後來裁員因選舉而提前喊卡，米佐塔基斯被貼上的「劊子手」標籤，卻已無法撕去了。米佐塔基斯1968年出生於雅典一個政治世家，父親康斯坦丁．米佐塔基斯（Constantine Mitsotakis）是前總理，也是希臘任期最久的國會議員之一；姊姊巴可楊尼斯（Dora Bakoyannis）曾任部長，更是雅典市首位女市長；今年5月才當選雅典新市長的柯斯達茲．巴可楊尼斯（Costas Bakoyannis），則是米佐塔基斯的外甥。在重視裙帶關係的希臘，家世無疑是助力，而很少人擁有米佐塔基斯這樣顯赫的家庭背景；但米佐塔基斯信奉菁英主義，2016年競選新民主黨黨魁時，就極力要與家族劃清界線。當時他自稱「特立獨行」，請大家「從履歷來評斷我，而不是用名字評判我」。當上黨魁後，他力圖現代化父親曾執掌的新民主黨，廣納40歲以下年輕人代表黨參選，也保證會用「我這個世代或年輕世代」的人一同管理。儘管如此，左派人士仍批評米佐塔基斯把新民主黨變成了「民族主義和極端新自由主義」的「混合體」。2016年他當選黨魁後，隨即指派剛從極右派人民傳統黨（LAOS）退黨加入新民主黨的喬奇雅迪斯（Adonis Georgiadis）擔任副黨魁，讓大家瞠目結舌。隔年，喬奇雅迪斯公開稱讚一本反猶太書籍「充滿活力」，「是我最喜歡的書」，後來不得不公開道歉。米佐塔基斯是籃球迷，已婚，和時尚品牌Zeus+Dione共同創辦人葛鮑斯基（Mareva Grabowski）育有3名子女。（譯者：鄭詩韻/核稿：劉淑琴）1080708,國際
33,（中央社記者康世人新德里8日專電）印度首都德里長期在全球空氣污染嚴重城市名單中名列前茅，一份統計調查顯示，有33%的德里交通警察罹患呼吸道疾病。根據印度政府為首都警察進行為期6個月健康活動調查結果顯示，德里的交通警察約有33%罹患有哮喘、肺充血、喉嚨發炎和濃痰等跡象。印度斯坦時報（Hindustan Times）報導，這項交通警察健康活動，要求每個交警都必須到指定醫院健康檢查。薩羅吉超級專科醫院（Saroj Super Speciality Hospital）撰寫報告說，這些長期在交通繁忙期間執勤的交警都出現職業傷害，但根據問卷調查，多數交警都不知道他們的健康正在惡化。長期暴露於高濃度氮氧化物（NOx）、硫氧化物（SOx）這些主要透過車輛排放於空氣中的有毒氣體，是交警出現肺部疾病的主要原因。隨著工業化及中產階級不斷增加，印度首都的車輛也日益增加，超過1000萬輛車在德里市區行駛，增加空氣污染的惡化。2017年1月由印度TERI大學（TERI University）、英國莎麗大學（University of Surrey）合作發表的環境對交通警察影響研究報告，以德里523名交通警察與150名與上述交通警察有相似社會經濟背景和年齡的辦公室官員比較，也發現交通警察的呼吸道與健康明顯比辦公室官員要差。根據這份研究報告，有59%的交通警察說自己有濃痰問題，而辦公室官員的比例則只有15%。德里交通部門正與多家醫院合作，讓交通警察定期健康檢查，且發放口罩，如果有交警表示健康不佳，也會考慮讓他轉調單位。印度科學與環境中心（研究與支持）執行主任羅伊曹杜立（Anumita Roychowdhury）表示，長期暴露在惡化的空氣不僅會影響健康，還會降低長期生活品質。羅伊曹杜立指出，如果德里居民比其他城市居民平均早死10年，那些被迫整天都待在外面的人們則是早死20年。除非政府提出減少污染的全面計畫，否則居民將成為致命生活的受害者。雖然印度政府陸續提出獎勵農民不要焚燒農業廢棄物、限制車輛行駛年限等更嚴格的環保法令，想辦法改善引發空污的烤肉店的燃燒方式等諸多對策，但印度最主要的問題出在執行面。包括交警在內，多數執法者僅向違法者索賄而不會真正執法，讓多數違法者仍持續污染空氣的行為。（編輯：陳永昌）1080708,國際
34,（中央社雅典7日綜合外電報導）希臘舉行後紓困時代首場全國性選舉，傳統右翼政黨「新民主黨」大獲全勝，出身政治豪族的黨魁米佐塔基斯擊敗「激進左派聯盟」總理齊普拉斯，帶領在野4年的新民主黨重返執政。法新社整理本次選舉3大重點：希臘終於脫離艱辛的10年危機，國內政治舞台似乎也重回兩強競賽，本次落敗的齊普拉斯（Alexis Tsipras）帶領激進左派聯盟（Syriza）取代一度強大的社會主義派「泛希臘社會運動黨」（Pasok），成今天勝選的新民主黨（ND）黨魁米佐塔基斯（Kyriakos Mitsotakis）主要對手。新民主黨和激進左派聯盟今天共同獲得超過7成選票，創下2009年來新高。2012年選舉正值金融危機高峰，政治局勢也處於混亂之際，兩大政黨當時得票率加總不到36%，2009年略超過77%，2007年則有近8成。希臘許多總理是政二代或政三代出身，米佐塔基斯也成為最新一位政二代總理，他的父親康斯坦丁（Constantine Mitsotakis）是希臘任職最久的議員之一，並於1990年至1993年出任總理。這類關係在希臘十分常見，但米佐塔基斯的家族關係又是史無前例的龐大，他的外甥巴可楊尼斯（Costas Bakoyannis）5月當選雅典市長，巴可楊尼斯的母親、米佐塔基斯的姊姊（Dora Bakoyannis）則是雅典首位女市長，任內舉辦2004年雅典奧運。米佐塔基斯與巴可楊尼斯勝選，可見希臘政壇重要職務皆由米佐塔基斯一家主宰，凌駕希臘歷史氏族巴本德里歐（Papandreou）與卡拉曼里斯（Karamanlis）。這是希臘自1928年來，首度在仲夏舉行大選，民調業者擔心，許多民眾恐禁不起海灘誘惑而放棄投票，這次約有42%選民放棄投票，符合過去10年穩定衰退的投票率。即使部分地區氣溫高達攝氏38度，米佐塔基斯依舊呼籲選民出門投票，他在競選時表示：「你們有足夠時間去海灘和投票。」在5月舉行的歐洲議會選舉及地方首輪選舉，僅有不到59%的登記選民出門投票，一週後的第2輪地方選舉投票率則不到42%，較10年前近71%的投票率低了許多。希臘選舉為強制性投票，不投票理論上需要依法懲處，但從未執行。（譯者：侯文婷/核稿：劉文瑜）1080708,國際
35,（中央社東京8日綜合外電報導）日本沖繩縣目前沒有便利商店7-ELEVEN（7-11），隨著7月11日首批7-11店面即將開幕，讓沖繩人回想起約7年前就有一面「手工」小七招牌，在當年是串炸店與客人間的「暗號」。日本「琉球新報」報導，日本7-11在沖繩本島第一間分店即將開幕，有趣的是，在小七正式進駐前，其實沖繩那霸市內大約在7年前，早已有一面「手工」打造的小七招牌，且招牌所代表的意思並不是店面，而是廁所。這面招牌位於那霸市安里立體停車場「榮町停車場」的角落，離飲食街的榮町市場不遠。手工招牌是用不到2公分厚的木板所做，上面畫的小七商標，明顯留下時間流逝的痕跡。製作手工招牌的是在餐飲業的35歲知念實樹，她說：「真沒想到小七竟然會到沖繩開分店」。大約7年前，知念在停車場旁的串炸店工作，這家店目前已停業；當時為了向來店客人說明廁所位置而製作這面招牌。她說，如果只是用很普通的廁所標誌來告知廁所位置，除了客人以外的人也會跑去使用，所以這面小七招牌成了店家與客人間的一種「暗號」。知念說，這面招牌在不知不覺中已融入沖繩街景，甚至最近自己都忘了這面招牌的存在，但就在看到相關報導的小七商標後，突然想起這面招牌。她說，歡迎7-11到沖繩開店，為了不造成大家的困擾，可能會拆除這面手工招牌。日本7-11將於7月11日正式在沖繩展開「一號店」，而所謂的「一號店」其實包含了14間分店，分別是那霸市內7間、糸滿市內3間、豐見城市內2間、八重瀨町內1間、北谷町內1間。7-11總公司預計5年內在沖繩展店250間，「一號店」主要位於那霸市及沖繩本島南部地區，接下來將慢慢往沖繩本島中部及北部展店。（譯者：黃名璽/核稿：陳昱婷）1080708,國際
36,（中央社東京8日綜合外電報導）日本首相安倍晉三最近在站台演說時，常「說錯」對手黨名，把「立憲民主黨」主席枝野幸男，說成「民主黨」枝野，還語帶暗諷地自我解釋「因為常換政黨，所以記不太住」。日本參議院21日將舉行約半數席次改選投開票，日本朝日新聞報導，自民黨總裁安倍最近下鄉為黨提名參選人站台時，都會把枝野幸男「講錯」成「民主黨的枝野」，然後再解釋「因為每次政黨都不同，記不太住」，這個橋段已成安倍站台演說時的固定笑哏之一。日本政府4日正式公告本屆參議院大選，各參選人完成登記後選戰起跑，安倍6日下午前往滋賀縣草津市街頭演說時說：「在野黨的枝野，民主黨的，不對，現在叫立憲民主黨，一直轉變政黨要記住很困難」，引發現場支持者大笑。安倍接著在同天傍晚前往大阪市演說時也說：「之前曾跟民主黨的枝野討論過，啊，不是民主黨」。安倍昨天到千葉縣跟東京都共6個造勢場子站台時，也同樣「講錯」枝野的政黨名稱，同樣引發現場支持者一片笑聲。枝野1996年加入「舊民主黨」，這個黨後來在1998年解散，枝野加入同年成立的「民主黨」，而民主黨後來順利在2009年眾議院大選中大勝取得政權。民主黨在2016年跟維新黨合併為民進黨，枝野也成為民進黨一員；不過，民進黨為力拚2017年眾議院大選，有意跟希望之黨合併，但枝野跟主導希望之黨的東京都知事小池百合子理念、政策都不合，被小池「排除」在合併之列，枝野於是退出民進黨另外組成「立憲民主黨」，並順利在當年眾議院大選後成為最大在野黨。（譯者：黃名璽/核稿：陳亦偉）1080708,國際
37,（中央社卡拉卡斯7日綜合外電報導）自行宣稱為委內瑞拉臨時總統的瓜伊多（Juan Guaido）今天表示，將在位於加勒比海的島國巴貝多與總統馬杜洛（Nicolas Maduro）政府再度進行對話。瓜伊多在公開聲明裡表示，為回應挪威政府的調解，他將率領臨時政府的代表團前去與會，以談判終結獨裁政權。不過瓜伊多未指出將在巴貝多復談的具體時間，雙方早先在挪威的談判陷入僵局。馬杜洛政府與瓜伊多陣營雙方的代表團5月初便已在挪威首都奧斯陸首次會面。挪威政府試圖居中協調，找出解決委內瑞拉經濟與政治危機的辦法。委內瑞拉石油蘊含量豐富，卻長達5年陷入糧食、藥品及其他生活必需品短缺的窘境。今年1月，代表反對派的國會議長瓜伊多自行宣布為臨時總統，直接挑戰馬杜洛政府，加劇委內瑞拉國內政治動盪。瓜伊多政權目前獲美國及其他超過50個國家所承認，但仍無法推翻由古巴、俄羅斯及中國所支持的馬杜洛政府。（實習編譯：賴言曦/核稿：陳亦偉）1080708,國際
38,（中央社印度阿格拉8日綜合外電報導）印度警方表示，一輛巴士今天清晨在印度繁忙道路上失控，並從高架橋摔落，造成至少29人喪命，18人受傷，肇事原因疑似為司機打瞌睡所致。法新社報導，根據警方，這輛雙層巴士司機在連接德里與阿格拉（Agra）的亞穆納（Yamuna）高速公路上疑似睡著，導致車輛撞上隔板並從兩座高架橋縫隙間摔落。事故發生在清晨4時15分，這輛巴士乘載約50人從新德里前往北方省（Uttar Pradesh）勒克瑙（Lucknow）。警方表示，車輛掉落至道路12公尺下的河流，壓毀上層車廂，河水使救援工作更加複雜。阿格拉縣首長庫瑪（N.G. Ravi Kumar）在事發現場表示：「29人喪命，另外18人受傷。」根據當局，這條連結德里與阿格拉長達165公里的亞穆納高速公路，是印度最長的6線道高速公路，自2012年開通至今，已有900人在此成為路上亡魂。印度每年有超過15萬人在道路上喪命，當地交通因為基礎建設不良與超速駕駛而惡名昭彰。（譯者：侯文婷/核稿：陳昱婷）1080708,國際
39,（中央社華盛頓7日綜合外電報導）美國處理中美洲移民的拘留營因人數爆滿、衛生環境差而備受批評。美國總統川普今天表示，將開放記者參觀拘留營。「紐約時報」和「艾爾帕索時報」（The El Paso Times）昨天刊出文章，描述位於德州克林（Clint）一間美國邊境巡邏隊（USBP）的拘留營，營內數百名孩童衣著骯髒、擠在滿是疾病的狹小空間內；川普則稱相關報導是個「騙局」。川普在新澤西州摩里斯鎮（Morristown）向媒體說：「我們會開放部分這類拘留營給新聞界，希望新聞界能進去看看。」「會讓一些媒體進入是因拘留營已人滿為患，而我們正是受他們人滿為患所苦的一方；會人滿為患原因在於人不斷湧向美國，雖然我們感謝墨西哥的協助，讓人潮顯著趨緩，但人還是太多，因此我們想讓媒體進去看看。」川普還不忘說紐時是「假新聞」。紐時的報導指出，拘留營內兒童髒衣的惡臭，臭到連巡邏隊員的衣服也染上，當地鎮民下班經過時都會掩鼻，小孩的哭聲不斷。一名女童疑因受不了而試圖自殺，巡邏隊員只好讓她睡在隊員面前的帆布床，以便能邊看管她邊處理新收進的移民。紐時的報導引述不具名的拘留營人員表示，幾百名孩童擠在狹小的空間，疥瘡、皰疹、水痘蔓延，營方人員還受命將床搬走，以騰出空間。本月某天，一個小房間一度擠了20個小女孩，擠到有人只能蜷縮在地板上，有些房內還有很小的幼童，由較大的孩子照看。3名營方人員表示，他們看過最小僅3歲、沒有雙親陪伴的孩童被帶來；有些近期才因案探視過的律師甚至說還看過年僅5個月的嬰兒。紐時的報導呼應了上週一份美國國土安全部（DHS）的監督報告；報告當時示警，多間拘留營人滿為患已達危險程度。這些拘留營關著上千名尋求留在美國的中美洲移民，大多是為逃離家園的暴力與貧困。（實習編譯：張廖永臻/核稿：陳亦偉）1080708,國際
